C0,C1,Age,EnvironmentSatisfaction,JobInvolvement,JobLevel,JobSatisfaction,MonthlyIncome,OverTime,TotalWorkingYears,YearsInCurrentRole,Attrition,YearsAtCompany,BusinessTravel_Non-Travel,EducationField_Technical Degree,JobRole_Healthcare Representative,JobRole_Laboratory Technician,JobRole_Research Director,JobRole_Sales Representative,MaritalStatus_Divorced,MaritalStatus_Single
20.25273405643052,-4.207118434229372,50,4,3,4,4,0.8642691415313225,0.0,32,4,0.0,5,0,0,0,0,1,0,1,0
-6.382336442136502,-3.690989204351034,36,2,3,2,2,0.20734022358152288,0.0,7,2,0.0,3,0,0,0,0,0,0,1,0
-21.51387114196448,1.7448927562707102,21,2,3,1,2,0.08806159038177601,0.0,1,0,1.0,1,0,0,0,0,0,1,0,1
13.827284834585832,-5.843713713638877,52,2,3,3,2,0.4975743514026577,0.0,18,6,0.0,8,0,0,1,0,0,0,0,1
-1.434534609427594,4.144321769117401,33,2,3,3,3,0.6644695211980595,1.0,15,6,1.0,7,0,0,0,0,0,0,0,0
21.805903476733334,10.664802264482493,47,3,2,3,2,0.4916684243830416,1.0,28,11,0.0,22,0,0,0,0,0,0,1,0
-18.211849995818493,3.314444009334716,22,4,2,2,4,0.1985867960345919,0.0,4,2,0.0,2,0,0,0,0,0,0,0,0
-7.06990543397125,1.2605322650950157,33,3,3,2,4,0.22985657034380935,1.0,7,5,0.0,6,1,0,0,0,0,0,1,0
5.666431823814904,5.2353337035676475,40,3,2,3,4,0.5191942628137524,0.0,15,11,0.0,12,0,0,0,0,0,0,0,0
-11.015933699735097,3.9105498799112084,27,4,1,2,4,0.21419531744357734,0.0,8,2,0.0,6,0,0,0,0,0,0,0,1
-3.992166628898566,-7.983528165466559,40,1,3,1,4,0.07366589327146171,0.0,8,0,0.0,1,0,0,0,1,0,0,0,0
16.937301385558953,-11.375319586449422,55,4,3,3,2,0.5255747732545877,0.0,23,2,0.0,3,0,0,0,0,0,0,0,0
-10.108824346112279,-3.060339619775089,33,1,2,1,2,0.06876186458553048,1.0,5,2,1.0,2,0,0,0,0,0,0,0,1
3.948938489353381,4.97697523986008,37,1,2,3,3,0.5062223159670955,0.0,17,1,1.0,14,0,0,0,0,0,0,0,0
15.566773309387784,0.8561830304825193,46,4,2,5,2,0.9375659143640582,0.0,26,4,0.0,11,0,0,0,0,0,0,0,0
-0.34454160799560185,2.0937142985843593,38,3,3,2,2,0.47010124446319346,0.0,10,8,0.0,9,0,0,0,0,0,0,0,0
-6.763891911169846,4.581049915688023,30,1,2,2,4,0.19078253533009915,0.0,10,2,0.0,9,0,1,0,1,0,0,0,0
3.909267337424815,9.972439566760205,36,4,1,2,4,0.23186036701117907,0.0,15,12,0.0,15,1,0,0,0,0,0,1,0
11.918366114298976,11.512386130787327,40,2,3,5,2,0.9926175912254798,0.0,21,8,0.0,21,0,0,0,0,0,0,0,1
20.958115088534242,3.2041984973054003,53,3,3,4,3,0.7299620333263025,0.0,22,13,0.0,17,0,0,0,0,0,0,1,0
-4.928993646106932,4.5189153970890334,32,4,3,2,2,0.2352351824509597,0.0,10,5,0.0,9,0,0,0,0,0,0,1,0
4.737805105641563,-15.691181713975897,55,4,3,2,3,0.15956549251212826,1.0,4,2,0.0,3,0,0,1,0,0,0,0,0
-7.036386434523827,2.899651528424604,30,3,1,2,4,0.2679814385150812,0.0,11,4,0.0,5,0,0,0,0,0,0,0,1
-20.44667530621075,-0.127205727723533,23,3,4,1,1,0.031217042817970886,1.0,1,0,1.0,0,0,0,0,1,0,0,0,0
4.9099068113198,-14.045949781517255,51,2,2,2,3,0.2701434296561907,0.0,10,0,0.0,1,0,0,0,0,0,0,0,0
-1.173154212410644,-5.979932455536304,42,4,2,2,4,0.26645222526893064,1.0,8,3,0.0,4,0,0,0,0,0,0,0,0
-22.20094853354433,2.3427426546311505,20,4,3,1,3,0.0,1.0,1,0,1.0,1,0,0,0,0,0,0,0,1
-10.982206444280006,2.3360405328632616,29,2,1,1,4,0.06111579835477747,1.0,6,4,0.0,5,0,0,0,0,0,0,0,0
17.99480977447797,14.041579178713071,43,1,2,4,2,0.702752583843071,0.0,25,10,0.0,25,0,0,0,0,1,0,1,0
1.339580243365134,-5.754270157793627,40,3,2,2,4,0.17997257962455177,1.0,16,1,0.0,1,0,0,0,0,0,0,0,0
-6.295628144700331,8.092279396902029,29,2,3,1,4,0.11189622442522675,0.0,10,8,0.0,10,0,0,0,1,0,0,0,0
-0.8539695698861038,-7.006461132444972,44,3,3,1,2,0.07029107783168108,1.0,6,3,1.0,5,0,0,0,0,0,0,1,0
20.93624179030065,11.22251446016616,47,1,3,4,3,0.8521408985446108,0.0,26,17,0.0,20,0,0,0,0,1,0,0,0
-4.161866672941905,6.346489252914702,32,1,3,2,4,0.22674541236026158,0.0,10,8,0.0,10,0,0,0,1,0,0,0,0
-5.6741204400360346,-7.4800569298501,38,3,3,1,1,0.08489770090698166,0.0,8,0,0.0,0,0,0,0,0,0,0,0,1
12.663834144592556,-13.94168158314692,58,4,1,2,3,0.2452541657878085,1.0,12,3,0.0,5,1,0,1,0,0,0,1,0
1.6271728997529067,-8.708132750135096,45,2,3,3,4,0.441415313225058,1.0,10,1,0.0,3,0,1,0,0,0,0,0,0
25.068524112025152,-3.756128079556511,56,3,3,4,4,0.5322716726429023,0.0,30,7,0.0,10,0,0,1,0,0,0,0,0
-5.264741680699135,-2.1042762961707595,37,3,1,2,4,0.44906137945581104,0.0,6,3,0.0,6,0,0,0,0,0,0,1,0
-0.6848896067795636,0.2616909515100705,39,1,4,3,3,0.36231807635519936,0.0,9,7,0.0,8,0,0,0,0,0,0,0,1
12.006004697236577,-8.245593042920188,54,3,2,3,3,0.5102826407930816,0.0,13,4,0.0,9,0,0,0,0,0,0,0,0
-5.01064505117316,4.575322237461643,32,4,3,1,3,0.15903817759966254,0.0,10,7,0.0,8,1,0,0,1,0,0,0,1
5.816552721809586,-11.762212245113972,48,1,3,3,3,0.6061484918793504,0.0,15,0,0.0,0,0,0,0,0,0,0,0,0
-7.7049842278629335,1.0112043637552688,33,3,4,2,2,0.23618434929339804,1.0,6,5,0.0,6,0,0,1,0,0,0,0,0
-4.645427784702484,5.01232388432085,31,2,1,2,3,0.27225268930605356,1.0,12,7,1.0,7,0,0,0,0,0,0,0,0
19.48726267920418,12.451411139148208,46,2,3,3,1,0.4979962033326303,0.0,24,13,0.0,24,0,0,0,0,0,0,1,0
-3.398870603578274,-4.870908737950142,38,4,3,2,4,0.24973634254376714,0.0,10,2,0.0,2,0,0,1,0,0,0,1,0
6.073037132777969,9.361617564344346,38,4,3,2,2,0.1809217464669901,0.0,16,13,0.0,15,0,0,0,0,0,0,0,0
3.5405529507892055,0.17462005656456192,43,4,3,2,4,0.36057793714406244,1.0,10,9,0.0,10,0,0,0,0,0,0,0,0
-7.380136549130491,-4.324948790102674,37,2,3,1,4,0.06944737397173592,1.0,4,2,0.0,4,0,0,0,0,0,0,0,0
-4.280059195026787,9.197930295507689,30,3,2,2,4,0.16573507698797724,0.0,11,10,0.0,11,0,0,1,0,0,0,0,0
10.705117001446695,11.126555928353053,39,3,2,4,2,0.8497152499472685,1.0,21,9,0.0,19,0,0,0,0,0,0,1,0
13.078171721077666,7.933049868218728,43,1,2,5,3,0.9693630035857415,0.0,21,12,0.0,16,0,0,0,0,0,0,0,0
-9.455378650527276,6.311505421159837,27,4,2,2,1,0.30594811221261337,0.0,9,6,0.0,7,0,0,1,0,0,0,0,1
0.5596969218551138,-4.485859016971926,42,3,2,2,3,0.2760493566758068,0.0,10,4,0.0,5,0,0,0,0,0,0,0,1
-12.107307305161726,-2.095151092359707,31,1,4,1,3,0.15655979751107363,0.0,4,2,0.0,2,0,0,0,1,0,0,1,0
-4.085623478713806,-5.97872321516062,39,4,3,1,1,0.07356043028896857,1.0,8,2,1.0,2,0,0,0,1,0,0,0,0
-7.766088807806433,5.613840613705084,29,4,2,4,4,0.7970364901919427,0.0,9,7,0.0,7,0,0,0,0,1,0,1,0
12.333262200957499,-7.94496505171454,49,3,3,5,1,0.9310272094494833,1.0,22,2,0.0,3,0,0,0,0,1,0,0,1
2.2862543909507664,-4.100043161320748,38,1,2,1,1,0.09750052731491247,0.0,20,0,0.0,1,0,0,0,0,0,1,0,1
2.7197649628116096,-7.246557367900685,42,1,3,4,4,0.7900759333473951,0.0,16,0,0.0,1,0,0,0,0,1,0,0,1
-4.116794666243315,3.2451450225361977,34,4,3,3,3,0.4017612318076355,0.0,9,7,0.0,8,0,0,0,0,0,0,1,0
4.880607439621599,9.54514735561696,36,3,3,2,4,0.2940835266821346,1.0,17,8,0.0,16,0,0,1,0,0,0,0,0
-13.531758300457739,1.8933161695360798,27,3,3,2,4,0.175754060324826,0.0,5,2,0.0,4,0,0,0,0,0,0,0,0
3.8128660637632663,-5.202723241452972,40,3,1,3,1,0.5232545876397384,0.0,20,0,0.0,1,1,0,0,0,0,0,1,0
-2.567127319523948,5.577556857418012,34,4,2,3,3,0.3202910778316811,1.0,10,9,0.0,10,0,1,0,0,0,0,0,0
-0.505856042611498,-9.261107820938378,43,3,3,3,1,0.4733178654292344,0.0,10,0,0.0,1,0,0,1,0,0,0,0,0
-2.091840037357187,9.286463062636539,31,1,3,3,4,0.5159249103564649,0.0,13,7,0.0,13,0,0,0,0,0,0,1,0
0.9258843692325698,-3.8618998219043164,41,4,3,1,4,0.09349293398017296,0.0,12,3,0.0,5,0,0,0,0,0,0,0,0
-4.8514311813334885,6.932594347505519,31,4,1,2,1,0.21060957603881042,0.0,10,8,0.0,10,0,0,0,0,0,0,0,0
3.2874796827459463,-7.2622962380459555,45,2,3,2,3,0.23149124657245307,0.0,12,2,0.0,4,0,0,1,0,0,0,0,1
-5.182331064882554,3.142721619630608,33,2,2,2,4,0.19368276734866063,0.0,9,7,0.0,7,0,0,0,0,0,0,0,1
0.5985246528039454,-0.10827840233901043,36,3,4,2,4,0.08236658932714618,0.0,17,2,0.0,5,0,0,0,1,0,0,0,0
0.6786666164122934,10.413171319282592,33,2,4,1,2,0.053733389580257335,0.0,14,11,0.0,14,0,0,0,1,0,0,0,0
-10.55075395416226,0.14215486655871068,31,1,3,1,3,0.10029529635098079,0.0,5,2,0.0,5,0,0,0,0,0,0,1,0
-23.195662661915517,2.2743172089288013,19,3,1,1,1,0.06939464248048935,0.0,1,0,1.0,0,0,1,0,0,0,1,0,1
-10.028179691592424,-0.8571546887444512,32,2,4,1,2,0.09412571187513182,0.0,5,1,0.0,5,0,0,0,1,0,0,0,0
4.148386318312568,6.8195912473986136,36,1,3,2,4,0.3569921957392955,0.0,18,9,0.0,11,1,0,0,0,0,0,0,1
3.781371870411597,2.322050415972683,37,3,3,2,2,0.16146382619700483,0.0,19,0,0.0,10,0,0,0,0,0,0,1,0
-16.02282940522765,-3.020693873597608,29,2,2,1,1,0.06907825353300992,1.0,1,0,1.0,1,0,0,0,1,0,0,0,0
-7.027957618746104,5.16980841899632,29,3,3,1,4,0.07936089432609154,0.0,11,5,0.0,7,0,0,0,0,0,0,1,0
13.847795362844906,14.005449000856865,41,2,1,5,3,1.0,0.0,21,16,0.0,21,1,0,0,0,1,0,0,0
-3.7986376479445667,9.039995684667936,30,3,3,2,4,0.28148070027420374,1.0,12,9,0.0,11,0,0,0,0,0,0,0,0
-2.5095929142801197,-3.933143866791756,39,3,3,3,3,0.6567707234760599,0.0,9,3,0.0,4,0,0,0,0,1,0,0,1
-20.828177311087355,1.1421197450050222,22,3,3,1,1,0.07324404134148914,1.0,1,0,1.0,1,0,0,0,1,0,0,0,0
-9.539553062653912,1.1757794042638352,31,3,1,2,3,0.1759122547985657,0.0,6,4,0.0,5,1,0,0,0,0,0,0,0
14.047827447625373,-0.29958150889374124,45,4,3,4,4,0.8775047458342122,0.0,26,3,0.0,9,0,0,0,0,0,0,0,0
6.311819858157996,-2.4539458568550767,42,1,3,2,3,0.1870385994515925,0.0,19,4,0.0,5,0,0,0,0,0,0,1,0
-4.6190735440781125,7.363572398115368,31,3,2,3,3,0.41837165155030587,0.0,10,9,0.0,10,0,0,0,0,0,0,0,0
7.885619493103192,-10.985699220392359,51,4,1,2,2,0.23586796034591861,0.0,13,1,0.0,4,0,0,0,0,0,0,1,0
0.8253796794739046,8.422110460778466,34,4,2,2,1,0.228538283062645,0.0,14,9,0.0,13,0,0,1,0,0,0,0,1
-3.3308404568945207,5.822323129118395,33,4,3,4,3,0.8666420586374183,0.0,10,8,0.0,10,1,0,0,0,0,0,0,1
4.825978041647829,3.3644251965603793,40,2,3,2,2,0.24615060113900022,0.0,15,8,0.0,11,0,0,0,0,0,0,0,0
-3.7083711141644287,5.112950606060087,33,4,4,3,3,0.38868382197848556,1.0,10,8,0.0,9,0,0,0,0,0,0,1,0
-7.017187870808609,0.4299022686240921,34,2,3,2,3,0.24810166631512343,0.0,6,5,0.0,6,0,0,0,0,0,0,0,0
-2.704495564939272,5.499708739963408,34,2,3,1,4,0.08869436827673487,0.0,10,9,0.0,10,0,0,0,0,0,0,0,0
-6.850107871980079,5.62126676623118,30,2,4,3,1,0.5487766294030796,1.0,9,7,0.0,8,0,0,0,0,1,0,0,0
3.8026594642246607,-2.3134011409450714,45,4,3,2,1,0.13836743303100613,1.0,9,8,0.0,9,1,0,0,1,0,0,0,0
-2.057023949833507,1.363424994744788,37,1,3,3,2,0.41262391900442946,0.0,9,5,0.0,9,1,0,0,0,0,0,1,0
-3.9984153202265773,5.232391294192455,31,4,3,2,4,0.3447584897700907,0.0,13,7,0.0,7,0,0,0,0,0,0,1,0
-6.58978943021728,3.460480879509449,32,4,3,1,4,0.10857414047669268,0.0,8,7,0.0,7,0,0,0,1,0,0,0,1
-9.972083576231189,1.1837331890638367,30,1,3,1,3,0.05921746466990087,1.0,7,2,1.0,5,0,0,0,0,0,0,0,0
-5.766717315433432,0.4739451352958177,33,3,4,2,1,0.23027842227378192,0.0,10,3,0.0,5,0,0,0,0,0,0,0,0
-3.9472013717985988,-6.270593151001524,38,3,3,3,3,0.36131617802151444,1.0,10,0,0.0,1,0,0,0,0,0,0,0,1
2.5091260767555923,-6.528143297284874,41,3,3,2,1,0.10878506644167897,0.0,17,0,0.0,1,0,0,0,0,0,0,1,0
11.299847325191138,-9.426280862656792,51,1,1,3,4,0.508384307108205,0.0,18,2,1.0,4,0,0,0,0,0,0,0,1
-0.7174239649509033,-2.4802915673957493,38,1,2,2,1,0.27836954229065597,0.0,13,3,0.0,4,0,0,1,0,0,0,1,0
-8.53970758672677,8.431960586467751,27,2,2,2,3,0.13346340434507487,0.0,9,8,0.0,9,0,0,0,0,0,1,0,0
25.841284379846606,0.81252309261275,53,4,3,4,4,0.6995359628770301,0.0,33,9,0.0,12,0,0,0,0,1,0,0,1
-12.876051128946955,-1.8454051328552143,30,4,3,2,3,0.226323560430289,0.0,4,1,0.0,2,0,0,0,0,0,0,0,0
-15.337693075335583,-3.60694496273549,30,2,3,1,4,0.0037966673697532177,0.0,1,0,1.0,1,0,0,0,0,0,1,0,1
-10.887212374873968,-0.8187511080127887,30,4,1,1,3,0.1489137312803206,0.0,7,2,0.0,2,0,0,0,1,0,0,0,0
27.64376607648844,-4.7499284377178554,58,4,3,5,1,0.9856570343809323,1.0,32,8,0.0,9,0,0,0,0,1,0,0,0
1.4927873811744874,7.166629863678943,34,2,4,2,4,0.45960767770512556,0.0,16,1,0.0,15,0,0,0,0,0,0,1,0
12.91621369163827,-5.559725422025753,51,3,3,2,4,0.20707656612529002,0.0,18,7,0.0,7,0,0,0,0,0,0,0,0
11.31288169647491,12.447817736925238,39,3,3,4,1,0.8468150179287071,1.0,21,9,0.0,21,0,0,0,0,0,0,0,0
-2.11368562553254,2.089388661308238,36,2,3,3,4,0.47305420797300146,0.0,10,3,0.0,10,1,0,0,0,0,0,0,1
-0.7216271283181825,10.554952203242088,32,3,2,2,2,0.22247416156928917,1.0,13,12,0.0,13,0,1,0,0,0,0,0,0
15.207841447729606,-11.06272930892688,56,1,3,1,3,0.10192997257962456,0.0,18,4,0.0,5,0,0,0,0,0,0,0,0
15.674029829026388,-6.163915865255888,57,2,4,2,3,0.20517823244041344,0.0,13,9,0.0,12,0,0,0,0,0,0,0,0
23.21859451338171,-12.574634936157548,57,1,2,4,4,0.6912571187513183,0.0,32,0,0.0,1,0,0,0,0,0,0,1,0
-4.69316796941235,-5.889316276966646,40,4,2,1,4,0.07029107783168108,1.0,5,2,0.0,4,0,0,0,0,0,0,0,1
-20.142321929564837,0.5450985700198316,23,4,3,1,1,0.04118329466357308,0.0,1,0,1.0,1,0,0,0,0,0,1,0,0
8.371543015263875,-11.829281161180226,53,2,4,3,4,0.31617802151444846,0.0,11,3,0.0,4,0,0,1,0,0,0,0,0
-6.556066003512544,-4.5562283299850925,38,4,2,1,2,0.07545876397384517,0.0,4,3,0.0,4,0,0,0,1,0,0,0,1
-5.211536773861443,-2.1755237376356433,36,3,3,1,2,0.059797511073613155,0.0,8,2,0.0,5,0,0,0,0,0,0,0,0
-4.8926674199327,9.833296366273792,29,2,3,3,4,0.3643218730225691,0.0,11,10,0.0,11,0,0,0,0,0,0,0,0
10.091635441797273,13.483064651259873,38,2,1,3,3,0.6431659987344442,0.0,20,16,0.0,18,0,0,0,0,1,0,0,0
18.834930466775226,7.792668274122524,47,1,3,3,3,0.4020248892638684,0.0,25,14,0.0,17,0,0,1,0,0,0,0,1
-4.793674410777214,4.799632491464781,32,4,3,2,3,0.20428179708922167,0.0,10,4,1.0,10,0,0,0,1,0,0,0,0
-5.6502881457203635,-0.7641391713271197,36,2,2,2,2,0.2894958869436828,0.0,6,5,0.0,6,0,0,0,0,0,0,0,1
11.272573489196908,-7.467964378253118,49,1,2,2,1,0.1726956338325248,0.0,20,3,1.0,4,0,0,0,1,0,0,0,1
-7.098574376458533,0.3803703367235869,34,3,2,1,1,0.17781058848344233,0.0,6,5,0.0,6,0,0,0,0,0,0,0,1
-0.7590736588923122,0.2273551927889681,39,1,3,2,3,0.18587850664416788,0.0,9,7,0.0,8,0,0,0,0,0,0,0,1
-3.885514203180641,8.693570384263555,30,3,2,3,3,0.3936405821556634,0.0,12,8,0.0,11,1,0,0,0,0,0,0,1
8.757630183869153,-10.346451299216373,51,2,3,3,2,0.5055368065808902,0.0,14,2,0.0,4,0,0,0,0,0,0,0,0
11.693205344147778,-17.9913027570929,60,1,3,2,1,0.2318076355199325,0.0,10,2,0.0,2,0,0,0,0,0,0,0,1
7.476123800258847,-8.51551223971573,50,2,3,2,3,0.3015713984391479,0.0,12,3,1.0,6,0,0,0,0,0,0,1,0
1.270423308280634,-6.760156414136361,45,4,3,1,4,0.05921746466990087,0.0,8,4,0.0,5,0,1,0,0,0,0,0,0
27.771104583144187,-6.031439846489288,56,4,1,3,4,0.3296245517823244,0.0,37,4,0.0,6,0,0,0,0,0,0,0,1
6.491195216784561,-2.1725198603021223,46,4,3,3,4,0.39912465724530694,0.0,12,8,0.0,9,0,0,0,0,0,0,1,0
-1.5819002094798478,-5.590003988025792,42,2,3,1,2,0.09264923012022781,0.0,7,3,0.0,5,0,0,0,1,0,0,1,0
16.9060039088941,-17.331546172142563,60,3,1,3,4,0.5206707445686564,0.0,19,0,0.0,1,0,0,1,0,0,0,1,0
32.47772453827428,14.262894078767347,53,3,2,3,4,0.48302045981860364,0.0,34,7,1.0,33,0,1,0,0,0,0,0,0
-0.5853515077969362,-0.9001234772926754,39,1,3,2,1,0.2184138367433031,0.0,10,0,0.0,10,0,0,0,0,0,0,0,0
23.133852767295515,9.989520743767397,48,4,2,5,2,0.9837587006960558,0.0,29,10,0.0,22,0,0,0,0,1,0,0,0
-4.7794035438778195,-2.179599228614542,37,3,3,2,4,0.2896540814174225,0.0,7,4,0.0,5,0,0,0,0,0,0,0,0
1.1482612054864632,-3.5325136130594395,41,4,3,2,4,0.23507698797722,1.0,12,2,0.0,6,0,0,0,0,0,0,1,0
-19.310392636142254,4.314116563007152,21,1,3,1,4,0.08442311748576249,0.0,3,2,0.0,3,1,0,0,0,0,1,0,1
-7.879213705211324,0.26387985887534704,32,2,3,2,4,0.1789706812908669,0.0,8,2,0.0,5,0,0,0,0,0,0,1,0
-7.016744164503677,-7.100234973682436,37,4,2,1,3,0.057002742037544823,1.0,7,0,1.0,0,0,0,0,1,0,0,0,1
18.176817554442074,11.512029615130679,45,1,3,3,1,0.2215249947268509,0.0,24,9,0.0,24,0,0,0,1,0,0,1,0
1.9436633705275526,-6.701080924404799,41,4,3,3,4,0.6634676228643747,1.0,16,0,0.0,1,0,0,0,0,0,0,0,1
3.833957049643338,-6.89847265041622,42,2,4,2,2,0.07187302256907825,1.0,18,0,0.0,1,0,0,0,0,0,0,0,0
2.243847433481392,-0.6737467115857712,42,3,3,2,2,0.3066863530900654,0.0,10,7,0.0,9,0,0,0,0,0,0,0,0
-19.44812917579483,-0.04120517621333164,24,4,3,1,2,0.05399704703649019,0.0,1,0,0.0,1,1,0,0,0,0,1,0,0
-8.482077558035368,-0.8016105422754993,33,1,3,2,1,0.3804577093440203,1.0,6,2,1.0,5,0,0,0,0,0,0,0,1
2.220983568046826,-5.399566577502956,43,4,3,2,4,0.2400864796456444,0.0,12,2,0.0,5,0,0,1,0,0,0,0,0
-8.095522277865317,-6.873847441722354,38,3,3,1,3,0.08832524783800887,0.0,3,1,0.0,2,0,0,0,0,0,0,0,0
-5.2014410892319205,-3.1024956348390695,33,4,3,2,3,0.28364269141531323,1.0,14,0,0.0,0,0,0,1,0,0,0,0,1
23.837343706482066,-6.120310301790411,53,1,2,3,4,0.5233600506222316,1.0,35,2,0.0,5,0,0,0,0,0,0,0,0
7.804477276570246,-0.10126398888814947,43,3,3,3,1,0.5173486606201223,0.0,18,7,0.0,8,0,0,0,0,0,0,0,0
2.004067376490859,-1.0979796736985943,42,4,2,1,1,0.08352668213457078,1.0,10,6,0.0,9,0,0,0,1,0,0,1,0
-9.291164145734548,5.023148831616837,29,2,1,1,1,0.058531955283695425,1.0,7,7,1.0,7,0,0,0,1,0,0,0,0
-6.339087482871548,6.633198605370842,29,2,3,2,3,0.1753849398861,0.0,11,7,0.0,8,0,0,1,0,0,0,0,0
-6.047547483446529,-6.2056473320794545,37,2,3,1,2,0.10614849187935034,0.0,8,0,0.0,1,0,0,0,0,0,0,0,0
18.533888997630626,-3.4545398336765736,50,1,3,5,2,0.905030584264923,1.0,28,3,0.0,8,0,0,0,0,1,0,0,0
-12.647849161939046,0.853234907491391,29,4,3,2,3,0.19194262813752372,0.0,4,3,0.0,4,1,0,0,0,0,0,0,0
2.245931348969229,12.562959919540074,33,1,3,3,4,0.6564543345285805,1.0,15,14,0.0,15,0,0,0,0,1,0,0,1
24.70840496614541,-3.6100185230476107,55,3,2,4,1,0.8303627926597764,0.0,31,7,0.0,9,1,0,0,0,0,0,0,1
12.946784113296815,-3.197301364681664,51,2,2,3,2,0.6054102510018984,0.0,16,9,0.0,10,0,0,0,0,1,0,0,0
-5.755950362165336,7.128227452237221,30,1,1,1,3,0.0845813119595022,0.0,10,7,0.0,10,0,0,0,0,0,0,1,0
12.05930114670646,-9.80404223820004,49,1,2,5,3,0.9334528580468255,0.0,23,0,0.0,1,0,0,0,0,0,0,0,0
15.559743530486863,6.431017988480684,47,3,4,2,3,0.21398439147859105,1.0,20,10,0.0,19,0,0,0,0,0,0,1,0
-14.485698480476668,-3.829771229795522,31,3,3,1,2,0.07867538493988609,0.0,1,1,0.0,1,0,0,0,0,0,0,0,1
0.7769612911887052,-10.956384483720608,47,2,3,1,3,0.05779371440624341,0.0,7,2,0.0,2,0,0,0,1,0,0,0,1
5.149106057807806,-18.623705698568674,58,1,3,1,3,0.07187302256907825,0.0,2,2,0.0,2,0,0,0,0,0,0,1,0
15.266745059069024,14.729276028379255,41,2,3,5,3,0.977430921746467,0.0,23,15,1.0,22,0,1,0,0,1,0,0,0
-11.628742317994153,2.0806657521082617,29,4,2,1,1,0.1463826197004851,0.0,5,4,0.0,5,0,0,0,0,0,0,0,1
17.533181457505968,4.496978534997616,50,4,4,1,3,0.11664205863741826,1.0,20,8,0.0,20,0,0,0,1,0,0,0,0
-8.939689850224948,0.42439472153079905,32,3,2,1,2,0.09639316599873445,0.0,6,2,0.0,6,0,0,0,1,0,0,0,1
16.102886113729987,9.888155557433786,44,2,3,5,4,0.951276102088167,1.0,23,7,0.0,22,0,0,0,0,1,0,1,0
-3.2513378466009186,-0.7245502697925481,38,3,4,1,3,0.09676228643746045,0.0,7,6,0.0,7,0,0,0,0,0,0,0,0
-5.030059036402559,-12.540590172193838,45,2,2,1,3,0.06670533642691415,0.0,1,0,0.0,1,0,0,0,0,0,0,0,1
13.65793942952935,-5.544880731694121,46,1,3,3,3,0.5018983336848766,0.0,28,2,0.0,2,0,0,1,0,0,0,0,0
-8.16951991736276,-2.1950475929828066,34,4,4,1,4,0.10140265766715882,1.0,6,0,0.0,5,0,0,0,0,0,0,0,0
15.328224507206578,-7.5117373005769466,55,3,3,2,2,0.2834844969415735,1.0,17,7,0.0,8,0,0,1,0,0,0,0,0
-22.87147843655132,2.9467391822620375,19,2,4,1,4,0.10467201012444631,1.0,1,0,0.0,1,0,0,0,0,0,0,0,1
-5.098944163284745,5.45901325685798,32,1,3,2,4,0.27172537439358785,1.0,9,8,0.0,9,0,0,0,0,0,0,0,0
1.1959769027753637,0.08096060180163,40,3,3,2,3,0.15640160303733391,0.0,11,7,0.0,8,1,0,0,1,0,0,1,0
-4.593081621239641,8.429250357922207,30,3,2,2,2,0.22147226323560432,1.0,11,8,0.0,11,0,0,0,0,0,0,1,0
4.382891711765147,-12.300917260302864,48,4,3,1,3,0.06591436405821556,0.0,13,0,0.0,0,0,0,0,0,0,0,0,0
15.616679004433337,8.074334427358185,45,1,2,4,4,0.832261126344653,0.0,22,8,0.0,20,1,0,0,0,0,0,0,0
-6.443503757405125,7.727127605149116,29,2,1,1,4,0.09022358152288547,0.0,10,7,0.0,10,0,0,0,0,0,0,1,0
13.77916611473917,5.943702347333234,46,4,2,2,1,0.1901497574351403,1.0,19,13,0.0,16,0,0,0,0,0,0,1,0
-2.626573999670896,-7.1181555556018274,41,4,3,2,3,0.21060957603881042,0.0,8,2,0.0,2,0,0,0,0,0,0,0,1
-4.501895238157772,-6.341430360948472,41,2,3,1,2,0.11237080784644589,1.0,4,3,1.0,4,0,0,0,0,0,1,0,1
16.35162386590669,-7.603274199297459,52,4,4,4,3,0.6453279898755537,1.0,24,3,0.0,5,0,0,0,0,0,0,0,0
18.775477240249394,1.515673468604291,51,1,2,3,1,0.34143640582155665,0.0,23,12,0.0,13,0,0,1,0,0,0,0,1
-6.469337924874839,-3.7270077937392116,36,3,3,1,4,0.08621598818814595,1.0,7,2,0.0,3,0,0,0,0,0,1,0,1
0.44810804419179107,-4.74356881008962,38,2,3,2,1,0.2986711664205864,1.0,17,0,1.0,1,0,0,1,0,0,0,0,0
-7.300677847158344,1.282872761563743,31,4,3,2,1,0.22795823665893272,0.0,10,2,0.0,5,0,0,0,0,0,0,0,1
0.8397023631764924,-6.959966574323786,44,2,3,2,1,0.23439147859101456,1.0,9,3,0.0,4,0,0,0,0,0,0,1,0
-6.294361231835534,5.821849957143957,30,3,3,2,4,0.22648175490402872,0.0,10,7,0.0,8,0,0,0,0,0,0,1,0
-12.465558133000759,-1.664728328341143,31,4,3,1,2,0.06818181818181818,1.0,3,2,1.0,3,0,0,0,0,0,1,0,1
-10.49104331406571,5.190004738700068,27,4,3,1,3,0.07303311537650285,1.0,8,2,1.0,8,0,0,0,0,0,0,0,1
-15.593272183085997,3.6816418881001756,24,4,2,2,3,0.17759966251845605,0.0,5,2,0.0,4,0,0,0,0,0,0,1,0
1.8675630964332797,-12.52014131732469,50,3,2,1,3,0.14137312803206076,0.0,5,2,0.0,3,0,0,0,1,0,0,0,0
7.091340172711881,8.236742569757947,39,4,2,2,3,0.25801518666947904,0.0,17,11,0.0,15,0,0,0,0,0,0,0,0
-6.766150349576172,4.664345885475292,30,3,3,2,3,0.19436827673486606,1.0,10,4,0.0,8,1,0,0,0,0,0,0,1
-5.543251150048452,7.537450257298842,30,4,2,2,4,0.21709554946213883,1.0,10,8,0.0,10,0,0,0,1,0,0,0,0
24.299877181783053,-12.081707539411894,59,3,2,5,4,0.9404661463826197,0.0,30,2,0.0,3,1,0,0,0,0,0,0,0
-2.091876076866342,2.2744611029190107,36,1,4,3,1,0.5644378823033116,0.0,10,7,0.0,8,1,0,0,0,1,0,0,0
-15.053805296599496,-3.2419065764679296,29,4,2,1,1,0.07356043028896857,1.0,3,0,1.0,0,0,0,0,0,0,0,0,1
-15.334486948567374,-3.615115058411167,30,2,2,1,1,0.05399704703649019,0.0,1,0,1.0,1,0,0,0,0,0,1,0,0
13.29317863314688,-6.665113496642494,50,3,3,5,2,0.9975216199114112,0.0,21,4,0.0,5,0,0,0,0,0,0,0,1
0.4557607163235389,-2.4624012130736403,37,3,2,1,1,0.15350137101877243,0.0,17,1,0.0,3,0,0,0,0,0,0,0,0
5.788397548143415,4.843024237284549,38,1,2,3,2,0.5827884412571188,0.0,19,8,0.0,10,0,0,0,0,1,0,0,0
6.285016290222281,3.0883219018019332,41,4,3,2,4,0.27531111579835477,0.0,16,3,0.0,14,1,0,0,0,0,0,0,1
-16.011231378605956,-3.0145457743421495,29,4,2,1,1,0.058004640371229696,0.0,1,0,0.0,1,0,1,0,0,0,0,1,0
6.18763744092373,-0.5699054521449316,45,4,3,2,4,0.14174224847078676,0.0,12,9,0.0,10,0,0,0,0,0,0,0,0
-11.05687697337147,1.9639214049122646,29,1,3,2,1,0.2301202278000422,0.0,6,3,0.0,5,0,0,1,0,0,0,0,0
14.490650130349415,10.626341688580299,42,4,3,4,1,0.8782957182029107,0.0,23,6,0.0,22,0,0,0,0,0,0,0,0
12.646355208383419,-8.757286920499261,48,4,2,5,4,0.9099346129508543,0.0,25,0,0.0,1,0,0,0,0,1,0,0,1
-22.205410572293417,2.350737770039304,20,4,2,1,4,0.10108626871967939,1.0,1,0,1.0,1,0,0,0,1,0,0,0,1
-1.9440974064929577,9.653353561659273,31,3,3,3,2,0.5082788441257119,0.0,13,8,0.0,13,0,0,0,0,0,0,1,0
-1.040347614216003,-5.987379549595623,41,3,1,2,2,0.2858574140476693,0.0,10,2,0.0,3,1,0,0,0,0,0,0,0
-13.487092194971112,-0.9016887937924221,29,1,2,1,1,0.06992195739295508,1.0,4,2,1.0,2,0,0,0,0,0,0,1,0
0.2259451147656577,-4.057607197641925,42,2,3,2,1,0.2186247627082894,0.0,9,4,0.0,6,0,0,0,0,0,0,0,1
-4.674965374153821,-1.0657913296782926,36,2,2,2,4,0.2975638051044084,0.0,8,3,0.0,6,0,0,0,0,0,0,0,0
-8.44448800239401,-3.396001132634698,32,1,1,2,2,0.3019405188778739,0.0,10,0,1.0,0,0,0,0,0,0,0,0,1
-4.4618327502892186,-3.0133691039818906,36,1,3,2,3,0.2287492090276313,0.0,10,2,0.0,3,0,0,1,0,0,0,0,0
-1.0985855685457864,-5.753285296868192,42,2,3,1,1,0.08263024678337903,0.0,8,2,0.0,5,0,0,0,1,0,0,1,0
14.09329361205858,9.163666674924244,43,4,3,4,4,0.7938726007171483,1.0,22,13,0.0,17,0,0,0,0,0,0,0,0
3.799506087093789,7.155545773461563,36,3,3,2,4,0.1841910989242776,0.0,17,7,0.0,13,0,0,0,0,0,1,0,1
-1.088217898365727,3.5090122845410896,36,2,3,2,2,0.2459924066652605,0.0,11,8,0.0,9,1,0,0,1,0,0,0,0
-1.7972171211749668,2.9571286067470908,36,2,3,3,4,0.46029318709133094,0.0,10,7,0.0,9,0,1,0,0,0,0,0,0
7.072823134445358,7.946926026471588,38,4,3,2,4,0.19647753638472898,0.0,19,11,0.0,13,0,0,0,0,0,0,0,0
-9.162654659659335,-2.1752744459325353,33,3,2,1,1,0.0943893693313647,1.0,6,2,0.0,3,0,0,0,0,0,0,0,1
1.0740303276841416,-8.602972347003135,45,1,4,2,3,0.2860683400126556,0.0,9,2,0.0,3,0,0,0,0,0,0,0,0
-8.991700552725458,7.372442010415909,27,1,4,2,3,0.28954861843492935,0.0,9,7,0.0,8,0,0,0,0,0,0,0,1
2.7037191635464097,10.222649811287297,34,1,2,2,2,0.1893060535751951,1.0,16,9,1.0,15,0,0,0,0,0,0,0,1
-10.98309999847848,2.310651794736465,29,3,3,1,2,0.08932714617169372,0.0,6,4,0.0,5,0,0,0,0,0,0,0,0
-2.5830257754842236,7.457742588899177,32,2,3,2,3,0.21097869647753642,0.0,12,8,0.0,11,0,0,0,0,0,0,0,1
15.899703040323615,8.328877872338063,44,4,3,4,1,0.8077937144062435,0.0,24,6,0.0,20,0,0,0,0,1,0,0,0
11.868591845631322,10.26835540863779,40,2,3,4,3,0.644800674963088,0.0,22,6,0.0,20,0,0,0,0,0,0,0,1
29.156481131183433,-0.8216401940262514,55,1,3,4,2,0.8345285804682556,0.0,37,9,0.0,10,0,0,0,0,0,0,0,1
12.939026286502603,11.99537603084818,41,1,3,5,3,0.9707867538493988,0.0,21,16,0.0,18,0,0,0,0,1,0,1,0
-1.1318654105443358,-6.8004061831507165,43,1,1,2,3,0.22869647753638472,0.0,7,3,1.0,4,0,0,0,0,0,0,0,1
-4.377891321370242,-4.663888831536784,38,2,3,2,2,0.16816072558531953,0.0,8,2,0.0,3,0,0,0,0,0,0,0,1
-14.774444579166456,-1.3519276177562674,29,2,1,1,2,0.09233284117274836,0.0,2,2,1.0,2,0,0,0,0,0,1,0,1
5.033048450769748,-9.535762781340019,45,4,3,3,1,0.6452225268930606,1.0,17,0,0.0,0,0,0,0,0,1,0,0,0
-8.421056999939328,-1.6155182036777163,34,1,3,2,2,0.17485762497363427,0.0,5,2,0.0,5,0,0,0,0,0,0,0,0
-6.696343550930948,-4.934289888956236,38,4,4,1,3,0.08442311748576249,0.0,4,2,0.0,4,0,0,0,0,0,0,1,0
16.66659242582866,-13.233529543404174,55,1,3,3,4,0.48671166420586376,0.0,24,0,0.0,1,0,0,0,0,0,0,0,0
10.025801461989914,11.448837455497527,40,1,2,3,3,0.497047036490192,0.0,18,15,0.0,18,0,0,0,0,0,0,0,0
-20.946523296655045,3.9913425914731544,20,4,3,1,1,0.09064543345285804,0.0,2,2,0.0,2,0,0,0,0,0,1,0,1
-7.4288208048678825,-0.6482853293352466,33,1,1,1,4,0.12650284750052732,0.0,8,3,1.0,4,0,0,0,1,0,0,1,0
-8.032797506739556,2.247244714054597,31,4,3,1,4,0.0710293187091331,1.0,8,4,0.0,6,0,0,0,0,0,0,0,0
4.576413794245106,3.959296898454417,40,1,3,3,4,0.49108837797932925,0.0,14,10,0.0,11,0,1,1,0,0,0,0,0
19.021196736232625,-7.001566227211171,50,4,3,4,1,0.8883674330310062,0.0,32,2,0.0,2,0,0,0,0,0,0,0,0
-12.973472558945474,2.074503907123731,27,4,3,1,4,0.08284117274836532,0.0,6,2,0.0,4,0,0,0,0,0,0,0,1
2.454842956775529,6.4432752879345845,36,4,3,3,1,0.3855726639949378,1.0,15,8,0.0,12,0,0,1,0,0,0,0,0
26.051296836091502,-1.1388027955350069,53,4,4,4,2,0.822031217042818,0.0,35,8,0.0,9,0,0,0,0,1,0,0,1
-1.5686958856866795,-9.376187159544244,42,2,4,2,1,0.23882092385572667,0.0,10,0,0.0,0,0,0,1,0,0,0,0,0
-0.23028406798626833,-4.123099146722819,37,3,2,2,4,0.21904661463826197,0.0,17,0,0.0,1,1,0,1,0,0,0,1,0
8.303256955520055,-4.120503450948284,43,2,3,4,1,0.8516135836321451,0.0,22,1,0.0,4,0,0,0,0,1,0,0,0
-20.126705811362154,0.5587903225157937,23,4,3,1,3,0.01128453912676651,0.0,1,0,0.0,1,0,0,0,0,0,0,0,0
8.621570310383497,-10.050455646503433,52,3,3,1,1,0.10235182450959714,0.0,12,4,0.0,5,0,0,0,1,0,0,0,0
-13.80667937767818,-0.4464802200257356,29,1,3,1,4,0.14506433241932082,0.0,3,2,0.0,3,0,0,0,0,0,0,1,0
24.953933044087478,9.47199609214954,50,2,2,5,3,0.9349820712929762,1.0,29,3,0.0,27,0,0,0,0,1,0,1,0
13.35949653594745,12.377838997613036,42,2,3,2,3,0.20554735287913944,0.0,20,16,0.0,20,0,0,0,0,0,0,0,0
-7.940989828754297,-1.681198437182875,34,2,4,2,3,0.17902341278211348,0.0,6,3,0.0,4,0,0,0,1,0,0,0,0
-9.387681896583121,-0.5276279527157257,32,3,3,1,2,0.1540814174224847,0.0,6,3,0.0,4,0,0,0,0,0,1,0,0
5.477411591117651,-18.609887011126467,56,4,2,2,1,0.2304893482387682,0.0,6,0,0.0,0,0,0,0,0,0,0,0,0
-13.308846759114363,2.509153688555225,27,4,3,1,2,0.14801729592912888,0.0,5,2,0.0,5,0,0,0,1,0,0,1,0
-3.261599802815958,-5.077529609730469,40,3,3,1,1,0.12486817127188356,0.0,7,3,0.0,4,0,0,0,1,0,0,0,0
-0.16129837194505825,-4.089950772567949,37,1,3,3,3,0.47663994937776843,0.0,17,0,1.0,1,0,0,0,0,0,0,1,0
-13.113528371050762,-5.004146697189043,33,2,2,1,3,0.05267875975532588,0.0,1,1,0.0,1,1,0,0,1,0,0,1,0
1.9874548365097269,3.144005407108848,36,3,3,2,3,0.22294874499050832,0.0,17,7,0.0,7,0,0,1,0,0,0,0,0
-2.0903562172209504,-1.573935386085008,39,3,3,1,3,0.14480067496308796,0.0,8,3,0.0,8,0,0,0,1,0,0,0,0
-1.2034858814289748,2.039285237078241,36,1,3,2,4,0.2146171693735499,0.0,12,7,0.0,7,1,1,0,0,0,0,1,0
-1.8747777731126334,2.900301246735804,36,3,3,2,2,0.22247416156928917,0.0,10,7,0.0,9,0,0,0,0,0,0,0,0
0.3967938578121064,-3.9184302877603905,37,3,3,2,2,0.16810799409407295,1.0,18,0,0.0,1,0,0,0,0,0,0,0,1
28.58999868948181,13.32211021582001,51,4,3,5,2,0.9933558321029319,1.0,31,10,0.0,29,0,0,0,0,0,0,1,0
15.767523276985102,-6.178687167933443,49,1,3,4,2,0.8122758911622021,0.0,27,2,0.0,4,0,0,0,0,1,0,0,0
-3.2201852967402687,-10.220268050102565,43,3,2,1,3,0.07530056950010545,1.0,6,0,1.0,1,0,1,0,0,0,0,0,0
-10.360797285170982,-2.588007880640731,33,4,3,2,2,0.17364480067496307,0.0,4,2,0.0,3,0,0,0,0,0,0,0,0
6.67220950353942,-3.002546444241549,46,4,3,3,3,0.5186669479012866,0.0,13,7,0.0,8,0,0,0,0,0,0,1,0
6.280240167538231,-15.427283994256818,56,1,3,1,4,0.08321029318709132,0.0,5,2,1.0,4,0,0,0,1,0,0,0,1
-5.563440716911874,4.41296072475456,32,4,1,2,4,0.19294452647120863,0.0,9,7,0.0,8,0,0,0,0,0,0,1,0
-5.537453567641936,7.527876344052286,30,2,2,2,1,0.4590276313014132,0.0,10,8,1.0,10,0,0,0,0,0,0,0,0
-14.469916539844014,1.0051164911399226,27,1,3,2,4,0.16968993883147016,0.0,4,2,0.0,3,0,0,0,0,0,0,0,0
8.650459649202688,3.8401162006964658,42,3,3,3,1,0.6506538704914575,0.0,18,7,0.0,13,0,0,0,0,1,0,0,0
-22.201506380328297,2.3377553489904113,20,4,2,1,1,0.08389580257329678,1.0,1,0,1.0,1,0,0,0,0,0,0,0,1
0.9230480223736564,-13.42341429066926,50,4,3,1,2,0.15112845391267665,0.0,4,2,0.0,2,0,0,0,0,0,1,0,0
-22.886875625197348,2.949128184524147,19,2,2,1,4,0.00490402868593124,0.0,1,0,1.0,1,0,0,0,1,0,0,0,1
-12.74641119586326,-2.316019328937349,31,1,3,1,3,0.10852140898544611,0.0,3,2,0.0,2,0,0,0,0,0,1,0,0
-13.973857930219065,-0.8361207364819521,29,3,3,1,4,0.06053575195106517,0.0,3,1,0.0,3,0,1,0,0,0,1,0,0
-2.9353170325011675,-9.857760729148016,42,4,3,1,3,0.1560324825986079,0.0,8,0,0.0,0,0,0,0,1,0,0,0,1
-1.262518363912875,4.352087395521183,36,2,2,2,3,0.24593967517401394,1.0,10,9,0.0,10,0,1,0,0,0,0,0,0
13.993321991724905,10.87933037947409,42,3,3,4,1,0.6722737819025523,1.0,22,9,1.0,21,0,0,0,0,0,0,0,1
23.030258704716566,15.488830264792812,46,3,3,4,1,0.8457603881037756,0.0,28,15,0.0,26,0,0,0,0,0,0,0,0
11.01043310376344,11.800533744884842,39,2,2,4,4,0.5812064965197216,0.0,21,9,0.0,20,0,0,0,0,0,0,0,0
-15.328100388007531,-3.611241894706694,30,4,3,1,3,0.08879983125922801,0.0,1,0,0.0,1,0,0,0,1,0,0,1,0
-2.0375017416554684,2.434672105861072,36,1,2,2,4,0.25316388947479435,0.0,10,4,0.0,10,0,0,0,1,0,0,0,1
0.8611820752747832,-1.4303413724668221,41,2,1,1,4,0.09328200801518667,1.0,10,7,1.0,7,0,0,0,1,0,0,1,0
-17.675557598466753,4.613649792719606,22,2,2,1,3,0.09518034170006327,1.0,4,2,0.0,4,1,0,0,0,0,0,0,0
-19.32255567395598,4.309008734735395,21,1,2,1,2,0.06143218730225691,1.0,3,2,1.0,3,0,1,0,0,0,1,0,1
1.6363769171024103,0.17309983843211008,41,2,4,1,3,0.12481543978063699,0.0,10,6,0.0,10,0,1,0,0,0,0,0,0
12.704759709155276,-0.5938410871166759,45,2,1,3,1,0.5189833368487661,1.0,24,7,0.0,7,0,0,1,0,0,0,1,0
-10.592944989988265,3.036336469599977,29,1,3,2,4,0.4136258173381143,0.0,6,4,0.0,6,0,0,1,0,0,0,1,0
-0.9084250049185485,-16.114803363702393,51,3,3,1,4,0.09038177599662518,0.0,1,0,0.0,1,0,0,0,0,0,0,0,0
2.8692819169693067,10.617004313337823,34,3,2,2,4,0.24984180552626029,1.0,16,10,0.0,15,0,0,0,0,0,0,0,0
2.2848424252605,-2.232997395226091,40,4,3,1,1,0.053206074667791606,0.0,15,4,1.0,5,0,0,0,1,0,0,0,1
5.199794911209615,-6.397557801808727,42,1,3,3,1,0.6423750263657456,1.0,20,0,0.0,1,0,0,0,0,1,0,0,0
0.13189484330776935,-0.34321769039658534,39,4,4,3,3,0.3811432187302257,0.0,11,6,0.0,7,0,0,0,0,0,0,0,0
-3.4132992599884773,-5.452898476477898,40,2,3,1,2,0.07266399493777685,0.0,7,2,0.0,4,0,0,0,1,0,0,0,0
4.839233218434551,-1.3629007127498003,45,1,3,3,2,0.339168951697954,0.0,10,8,0.0,10,0,1,1,0,0,0,1,0
5.345585752786377,-1.4678282175687052,40,3,3,1,3,0.052309639316599876,0.0,20,3,0.0,5,0,0,0,0,0,0,0,0
-5.138049969051874,-1.5643802498552564,34,2,3,3,1,0.4714722632356043,1.0,11,2,1.0,3,0,0,0,0,0,0,1,0
-5.1475104717602065,4.002222567162612,32,3,3,3,4,0.5352246361527104,0.0,10,7,0.0,7,0,0,0,0,1,0,0,1
15.696019619946377,1.5048009695656344,50,4,2,3,1,0.6464880826829783,0.0,19,11,0.0,14,0,0,0,0,1,0,1,0
0.8070447454580645,3.342582348268225,37,1,3,1,4,0.09407298038388524,0.0,13,8,0.0,9,0,0,0,0,0,1,1,0
-7.558451194076525,6.2221047285839965,29,3,3,3,4,0.34507487871757014,1.0,9,7,1.0,8,0,0,1,0,0,0,0,1
-8.461111407629666,-0.227958948835699,31,1,3,3,1,0.45496730647542716,0.0,9,2,0.0,3,0,0,0,0,0,0,0,0
-5.45275560227968,-3.271578625375742,38,4,2,1,3,0.14200590592701962,0.0,5,4,0.0,5,0,0,0,1,0,0,0,0
-10.57639192322836,6.253693918763003,27,4,3,2,3,0.4731069394642481,0.0,7,7,0.0,7,0,0,0,0,0,0,0,1
-2.7336201562497493,-6.154666867513303,41,3,3,1,1,0.06480700274203754,0.0,7,0,0.0,5,0,0,0,1,0,0,0,0
11.466530648244031,10.475145291982745,40,3,2,5,3,0.9817021725374393,0.0,21,7,0.0,20,0,0,0,0,1,0,0,1
-9.406947643732668,1.1513882651635807,30,3,3,2,1,0.16378401181185404,0.0,8,3,0.0,4,0,0,0,0,0,0,1,0
-5.6945037070893,7.147514877427043,30,3,3,2,3,0.1308795612739928,0.0,10,7,0.0,10,0,0,0,1,0,0,1,0
-12.58016766643851,-5.995328476053601,34,2,3,1,2,0.05267875975532588,0.0,1,0,0.0,1,0,0,0,1,0,0,1,0
-4.003189444536034,-4.437235173698653,40,4,3,2,1,0.191415313225058,0.0,5,4,0.0,5,0,0,0,0,0,0,0,0
-14.76465307273353,-1.359296125794451,29,4,3,1,2,0.06791816072558532,0.0,2,2,0.0,2,0,0,0,0,0,1,1,0
12.499248167453374,-4.809735818605848,46,4,3,5,2,0.9529635098080573,0.0,25,2,0.0,4,0,0,0,0,1,0,0,0
2.905504194071362,0.42182073668937115,41,3,3,3,3,0.37861210715039023,1.0,12,7,0.0,9,0,0,0,0,0,0,1,0
-2.408132373985623,-4.785678475329924,39,1,1,2,3,0.249261759122548,0.0,10,2,0.0,3,1,0,0,0,0,0,0,0
-8.945533516330766,4.481042637164963,29,4,3,1,2,0.12033326302467832,0.0,8,5,0.0,7,0,0,0,0,0,0,1,0
20.6698306568124,-6.398864382438578,52,4,3,4,4,0.8197637629192154,0.0,31,2,0.0,5,0,0,0,0,0,0,0,0
-3.9135446635972997,-1.3302908143282846,37,3,3,1,3,0.10477747310693945,1.0,8,4,0.0,6,0,0,0,0,0,0,0,0
-0.6338442644428781,-8.928855410208566,44,3,3,1,4,0.11527103986500738,1.0,8,2,0.0,2,0,0,0,0,0,0,1,0
-2.253305333100343,-11.23128319304935,45,1,3,2,1,0.17280109681501793,0.0,5,1,1.0,1,0,0,0,0,0,0,0,0
-1.343459718043242,-13.46674176449877,47,2,3,2,3,0.10372284328200802,0.0,5,0,0.0,0,0,0,0,0,0,1,0,1
6.573725239162059,10.069580918916017,37,4,3,1,1,0.10678126977430923,0.0,18,7,0.0,18,0,0,0,1,0,0,1,0
-1.1056727780410611,-3.670823894737037,41,2,3,2,4,0.2628137523729171,1.0,8,4,1.0,6,0,0,0,0,0,0,0,1
13.133918773301609,-14.405726564915753,57,4,3,2,3,0.3029951487028053,0.0,15,2,0.0,3,0,0,1,0,0,0,0,0
-24.51912315812772,2.6405846289315864,18,3,3,1,3,0.04719468466568234,0.0,0,0,1.0,0,1,0,0,1,0,0,0,1
-7.393634890491295,0.10382141209494833,32,3,3,2,4,0.29835477747310696,0.0,9,1,0.0,5,1,0,1,0,0,0,1,0
-7.049535832522071,-3.742272681212082,33,1,3,3,1,0.3983864163678549,1.0,11,0,1.0,0,0,0,0,0,0,0,0,1
-11.433565851719987,-2.784502720600699,32,4,3,1,4,0.06881459607677705,0.0,4,0,0.0,3,1,0,0,1,0,0,1,0
-2.7825200565647776,-6.724438588733122,39,1,2,1,1,0.13905294241721156,1.0,11,0,1.0,1,1,0,0,1,0,0,0,1
27.29870689038622,-4.0047088661831864,58,3,2,3,1,0.4745306897279056,1.0,31,9,1.0,10,0,0,0,0,0,0,0,0
-6.528674040164404,3.122909132329365,31,2,3,2,4,0.29387260071714827,1.0,10,5,0.0,6,0,0,0,0,0,0,0,1
-4.442073870581751,-4.422880466091041,39,3,3,1,1,0.15265766715882723,0.0,6,2,1.0,5,0,0,0,0,0,0,0,1
-8.616741134914921,8.070863835440282,27,3,3,3,1,0.33763973845180345,0.0,9,7,0.0,9,0,0,0,0,0,0,0,0
-0.39995484108958834,-5.956128098114451,44,3,3,1,3,0.10161358363214511,1.0,6,4,1.0,6,0,0,0,0,0,0,0,1
1.1116167381273598,-7.146282336397665,45,4,3,1,4,0.06649441046192786,0.0,8,3,0.0,5,0,0,0,1,0,0,1,0
12.020804793006285,10.452872960159414,40,3,2,4,2,0.6588272516346763,0.0,22,3,0.0,22,0,0,1,0,0,0,0,0
9.680963232188475,0.3497403522851723,47,3,3,3,2,0.5773043661674753,0.0,14,8,0.0,13,1,0,0,0,1,0,0,0
-6.561699518611679,-2.099418615171926,34,4,3,1,2,0.06865640160303733,0.0,9,2,0.0,3,0,0,0,0,0,0,0,1
13.95349006372193,9.269604762097964,44,4,3,2,4,0.18624762708289389,0.0,20,11,0.0,20,0,0,0,0,0,0,0,1
4.421812726861333,8.477673406811206,36,1,4,2,1,0.191415313225058,0.0,17,7,0.0,15,0,0,0,0,0,0,0,0
-15.188267022672605,0.7450120553574422,27,1,1,1,3,0.19046614638261972,0.0,3,2,0.0,3,1,0,0,1,0,0,0,0
-14.585725293846135,4.910984405017876,24,1,3,1,2,0.11564016030373338,1.0,6,3,1.0,5,0,1,0,0,0,1,0,1
9.528579232668484,9.704802476819934,39,3,3,3,3,0.5235709765872179,0.0,20,6,0.0,19,0,1,1,0,0,0,0,1
-10.576597449330798,-6.95574205897217,36,4,2,1,3,0.12544821767559589,1.0,2,0,1.0,1,0,0,0,0,0,0,0,0
8.732103674662142,-10.630601174639562,50,3,3,3,4,0.43234549673064754,0.0,16,2,0.0,2,0,0,0,0,0,0,0,1
13.776131461100036,12.530653729109336,41,4,3,4,2,0.7912887576460662,0.0,22,10,0.0,22,0,0,0,0,0,0,0,1
-5.781857269273413,4.6354217571965854,31,4,3,2,3,0.2726218097447796,1.0,10,2,1.0,10,0,0,0,0,0,0,0,0
11.389702969031582,12.507336050280681,39,3,2,5,4,0.9630352246361527,0.0,21,9,0.0,21,0,0,0,0,0,0,0,0
-1.1514634372368988,-7.664761016452914,44,2,3,1,4,0.07524783800885888,1.0,6,3,0.0,4,0,0,0,0,0,0,0,1
-8.965447024376171,-0.6414914182195179,33,4,2,2,2,0.17459396751740142,0.0,5,3,0.0,5,0,0,0,0,0,0,0,1
-8.777791694782856,-1.5548789011724669,33,3,3,2,3,0.3213984391478591,0.0,6,0,0.0,5,0,0,0,0,0,0,1,0
-3.503910701843097,-1.821158028561067,37,3,2,2,4,0.24899810166631514,0.0,9,2,0.0,6,0,0,1,0,0,0,1,0
1.5194792232580099,0.012735553912296638,37,3,3,1,1,0.12882303311537652,0.0,17,4,0.0,5,0,0,0,1,0,0,0,0
-13.466506661224244,2.2215777568727386,27,3,3,1,1,0.10715039021303523,0.0,5,3,1.0,4,0,0,0,0,0,1,1,0
-12.213940277085282,-0.4524755622168595,29,3,2,1,2,0.08104830204598186,0.0,6,2,1.0,2,0,1,0,0,0,0,0,0
16.435803783270885,9.645115416268268,44,1,2,3,4,0.48718624762708296,0.0,24,6,0.0,22,0,0,1,0,0,0,0,0
-16.65094970699931,3.5528469600050165,23,1,4,1,1,0.09544399915629613,0.0,5,2,0.0,3,0,0,0,0,0,0,0,0
-0.7398793370550365,-5.797058385452111,43,4,4,1,4,0.05695001054629825,0.0,7,4,0.0,5,1,0,0,0,0,0,1,0
-7.374186938243053,5.706437368973816,29,2,3,1,3,0.12286437460451381,1.0,10,7,1.0,7,0,1,0,1,0,0,1,0
-10.16436035960253,6.05243080681771,27,4,2,1,1,0.19853406454334532,0.0,8,6,0.0,7,0,0,0,0,0,0,0,0
7.2999183241221886,-2.7877621870721647,46,3,3,3,2,0.33247205230963933,0.0,14,7,1.0,8,0,0,0,0,0,0,0,0
-7.6521879412416,0.9767372121625346,32,3,3,1,3,0.10699219573929551,0.0,8,4,0.0,5,0,0,0,0,0,0,0,1
-1.8922651850743222,0.3367894194151262,37,1,3,3,2,0.3497679814385151,1.0,10,0,0.0,10,1,0,0,0,0,0,0,1
-3.5051863373864265,9.689860017331425,30,3,3,2,1,0.10878506644167897,0.0,12,9,0.0,12,1,0,0,1,0,0,1,0
-2.394381490799695,-0.06666429963330422,38,4,2,2,4,0.15919637207340226,0.0,8,7,0.0,7,0,0,0,0,0,0,0,1
-8.168443214021288,-0.1189038091187733,33,4,3,2,4,0.23708078464458976,0.0,6,2,0.0,6,0,0,0,0,0,0,1,0
2.6153530212290903,-1.9334827594226685,43,4,3,2,3,0.24625606412149337,1.0,10,7,0.0,8,0,0,0,1,0,0,1,0
-4.773873072180301,4.805546717105804,32,2,3,2,2,0.27478380088588905,0.0,10,4,0.0,10,0,0,0,0,0,0,0,0
-9.921320166631926,0.3578889404303922,31,2,3,1,3,0.1301413203965408,0.0,6,2,0.0,5,0,0,0,1,0,0,0,0
6.4699895414189115,-11.445054709357702,52,4,3,2,3,0.11284539126766506,0.0,9,2,0.0,5,0,0,0,1,0,0,0,0
13.586131624603048,4.681498490401584,44,4,4,4,4,0.6491773887365535,1.0,23,11,0.0,12,0,0,0,0,0,0,0,0
-10.165613555390905,1.7313850167432339,29,1,2,1,4,0.08031006116852986,0.0,8,3,0.0,4,0,0,0,1,0,0,1,0
-6.977475447596209,0.3843830021804564,33,3,3,1,4,0.07524783800885888,1.0,8,4,1.0,5,0,0,0,1,0,0,0,0
-12.043089507949642,-2.0437939106112903,31,2,1,2,3,0.18719679392533223,1.0,4,2,1.0,2,0,0,0,0,0,0,0,0
-0.6427490860005136,3.420290237870036,37,2,3,3,4,0.5893271461716938,1.0,10,8,0.0,10,0,0,0,0,1,0,1,0
-6.313784916049073,-7.697474610415679,38,4,3,1,3,0.12112423539337693,0.0,7,0,0.0,0,0,0,0,1,0,0,0,0
-5.5894254739009455,3.52768971195637,33,4,3,1,2,0.09212191520776207,0.0,8,7,0.0,8,0,0,0,0,0,0,0,0
